allele,n_sb_row_instances,n_unique_strong_epitopes
HLA-A*30:01,2130,122
HLA-A*02:06,2065,114
HLA-A*68:02,1563,85
HLA-A*32:01,1517,86
HLA-A*31:01,1516,88
HLA-A*02:03,1470,80
HLA-A*02:01,1404,78
HLA-A*68:01,1258,71
HLA-A*11:01,979,56
HLA-B*58:01,882,49
HLA-A*23:01,859,46
HLA-B*35:01,813,46
HLA-A*33:01,727,41
HLA-A*03:01,716,44
HLA-B*08:01,706,40
HLA-A*24:02,666,35
HLA-B*57:01,651,37
HLA-B*53:01,616,34
HLA-B*15:01,589,35
HLA-A*30:02,455,24
HLA-B*07:02,445,25
HLA-B*40:01,426,24
HLA-B*44:03,335,17
HLA-A*26:01,334,19
HLA-B*44:02,297,15
HLA-A*01:01,185,11
HLA-B*51:01,126,7
